,BBO,GWO,AO,ARO
0,24110.817632337414,23819.125478615126,23935.4325260279,23940.549132881664
1,23897.872922316747,23115.759425672375,23935.4325260279,23462.229747920253
2,23721.723531213822,23065.823388265962,23935.4325260279,23182.344240127568
3,23158.130983671574,22827.654308045123,23566.56393305807,23078.593341247317
4,22937.400513466382,22795.89099327001,23566.56393305807,22997.23075227575
5,22937.400513466382,22795.89099327001,23289.27787264786,22997.23075227575
6,22937.400513466382,22795.89099327001,23281.954709680147,22949.866722851468
7,22864.41689780324,22795.500309827272,23256.306864228507,22881.624117471067
8,22847.47581333103,22795.500309827272,23256.306864228507,22843.542325098744
9,22844.443947402287,22795.500309827272,23256.306864228507,22843.542325098744
10,22844.443947402287,22795.500309827272,23226.891016189413,22843.542325098744
11,22844.443947402287,22795.500309827272,23226.891016189413,22811.240084270918
12,22844.443947402287,22795.500309827272,23226.891016189413,22811.240084270918
13,22844.443947402287,22795.500309827272,23226.891016189413,22811.240084270918
14,22844.443947402287,22795.500309827272,23226.891016189413,22811.240084270918
15,22844.443947402287,22795.500309827272,23226.891016189413,22811.240084270918
16,22844.443947402287,22795.500309827272,23091.28809942741,22811.240084270918
17,22844.443947402287,22795.500309827272,23091.28809942741,22809.965307388367
18,22844.443947402287,22795.500309827272,23091.28809942741,22809.965307388367
19,22844.443947402287,22795.500309827272,23091.28809942741,22809.965307388367
20,22844.443947402287,22795.500309827272,23091.28809942741,22809.965307388367
21,22844.443947402287,22795.500309827272,23091.28809942741,22809.965307388367
22,22844.443947402287,22795.500309827272,23091.28809942741,22809.965307388367
23,22844.443947402287,22795.500309827272,23091.28809942741,22809.965307388367
24,22844.443947402287,22789.755559204754,23091.28809942741,22808.586499416924
25,22844.443947402287,22789.755559204754,23091.28809942741,22808.586499416924
26,22844.443947402287,22789.755559204754,23091.28809942741,22808.586499416924
27,22844.443947402287,22789.755559204754,23091.28809942741,22808.586499416924
28,22844.443947402287,22789.755559204754,23091.28809942741,22808.586499416924
29,22844.443947402287,22789.755559204754,23091.28809942741,22808.586499416924
30,22844.443947402287,22789.755559204754,23091.28809942741,22808.586499416924
31,22844.443947402287,22789.755559204754,23091.28809942741,22808.586499416924
32,22844.443947402287,22789.755559204754,23091.28809942741,22808.586499416924
33,22844.443947402287,22789.755559204754,23091.28809942741,22808.586499416924
34,22844.443947402287,22789.755559204754,23091.28809942741,22808.586499416924
35,22844.443947402287,22789.755559204754,23091.28809942741,22808.586499416924
36,22844.443947402287,22789.755559204754,23091.28809942741,22793.087673296184
37,22844.443947402287,22789.755559204754,23091.28809942741,22793.087673296184
38,22828.20251689315,22789.755559204754,23091.28809942741,22793.087673296184
39,22828.20251689315,22789.755559204754,23091.28809942741,22793.087673296184
40,22828.20251689315,22789.755559204754,23091.28809942741,22793.087673296184
41,22828.20251689315,22789.755559204754,23091.28809942741,22793.087673296184
42,22828.20251689315,22789.755559204754,23047.805358652833,22788.95727577727
43,22828.20251689315,22789.755559204754,23047.805358652833,22788.95727577727
44,22828.20251689315,22789.755559204754,23047.805358652833,22788.95727577727
45,22828.20251689315,22789.755559204754,23047.805358652833,22788.95727577727
46,22828.20251689315,22789.755559204754,23047.805358652833,22788.95727577727
47,22828.20251689315,22789.755559204754,23047.805358652833,22788.95727577727
48,22828.20251689315,22789.755559204754,23047.805358652833,22788.95727577727
49,22828.20251689315,22789.755559204754,23047.805358652833,22788.95727577727
50,22828.20251689315,22789.755559204754,23047.805358652833,22788.95727577727
51,22828.20251689315,22789.755559204754,23047.805358652833,22788.95727577727
52,22828.20251689315,22789.755559204754,23047.805358652833,22788.95727577727
53,22828.20251689315,22789.755559204754,23047.805358652833,22788.95727577727
54,22828.20251689315,22789.755559204754,23047.805358652833,22788.95727577727
55,22828.20251689315,22789.755559204754,23047.805358652833,22788.95727577727
56,22828.20251689315,22789.755559204754,23047.805358652833,22788.95727577727
57,22828.20251689315,22789.755559204754,23047.805358652833,22788.95727577727
58,22828.20251689315,22789.755559204754,23047.805358652833,22788.95727577727
59,22828.20251689315,22789.755559204754,23004.96787980222,22788.95727577727
60,22828.20251689315,22789.755559204754,23004.96787980222,22788.95727577727
61,22828.20251689315,22789.755559204754,23004.96787980222,22788.95727577727
62,22828.20251689315,22789.755559204754,23004.96787980222,22788.95727577727
63,22828.20251689315,22789.755559204754,23004.96787980222,22788.95727577727
64,22828.20251689315,22789.755559204754,23004.96787980222,22788.95727577727
65,22828.20251689315,22789.755559204754,23004.96787980222,22788.95727577727
66,22828.20251689315,22789.755559204754,23004.96787980222,22788.95727577727
67,22828.20251689315,22789.755559204754,23004.96787980222,22788.95727577727
68,22828.20251689315,22789.755559204754,23004.96787980222,22788.95727577727
69,22828.20251689315,22789.755559204754,23004.96787980222,22788.95727577727
70,22828.20251689315,22789.755559204754,23004.96787980222,22788.95727577727
71,22828.20251689315,22789.755559204754,23004.96787980222,22788.95727577727
72,22828.20251689315,22789.755559204754,23004.96787980222,22788.95727577727
73,22828.20251689315,22789.755559204754,23004.96787980222,22788.95727577727
74,22828.20251689315,22789.755559204754,23004.96787980222,22788.95727577727
75,22828.20251689315,22789.755559204754,23004.96787980222,22788.95727577727
76,22828.20251689315,22789.755559204754,22894.778702864267,22788.95727577727
77,22828.20251689315,22789.755559204754,22894.778702864267,22788.95727577727
78,22828.20251689315,22789.755559204754,22894.778702864267,22788.95727577727
79,22828.20251689315,22789.755559204754,22894.778702864267,22788.95727577727
80,22828.20251689315,22789.755559204754,22894.778702864267,22788.95727577727
81,22828.20251689315,22789.755559204754,22894.778702864267,22788.95727577727
82,22828.20251689315,22789.755559204754,22894.778702864267,22788.95727577727
83,22828.20251689315,22789.755559204754,22894.778702864267,22788.95727577727
84,22828.20251689315,22789.755559204754,22894.778702864267,22788.95727577727
85,22828.20251689315,22789.755559204754,22894.778702864267,22788.95727577727
86,22828.20251689315,22789.755559204754,22894.778702864267,22788.95727577727
87,22828.20251689315,22789.755559204754,22894.778702864267,22788.95727577727
88,22828.20251689315,22789.755559204754,22894.778702864267,22788.95727577727
89,22828.20251689315,22789.755559204754,22894.778702864267,22788.95727577727
90,22828.20251689315,22789.755559204754,22894.778702864267,22788.95727577727
91,22828.20251689315,22789.755559204754,22894.778702864267,22788.95727577727
92,22828.20251689315,22789.755559204754,22894.778702864267,22788.95727577727
93,22828.20251689315,22789.755559204754,22894.778702864267,22788.95727577727
94,22828.20251689315,22789.755559204754,22894.778702864267,22788.95727577727
95,22828.20251689315,22789.755559204754,22894.778702864267,22788.95727577727
96,22828.20251689315,22789.755559204754,22894.778702864267,22788.95727577727
97,22828.20251689315,22789.755559204754,22894.778702864267,22788.95727577727
98,22828.20251689315,22789.755559204754,22894.778702864267,22788.95727577727
99,22828.20251689315,22789.755559204754,22894.778702864267,22788.95727577727
100,22828.20251689315,22789.755559204754,22894.778702864267,22788.95727577727
101,22828.20251689315,22789.755559204754,22894.778702864267,22788.95727577727
102,22828.20251689315,22789.755559204754,22894.778702864267,22788.95727577727
103,22828.20251689315,22789.755559204754,22894.778702864267,22788.95727577727
104,22828.20251689315,22789.755559204754,22894.778702864267,22788.95727577727
105,22828.20251689315,22789.755559204754,22894.778702864267,22788.95727577727
106,22828.20251689315,22789.755559204754,22894.778702864267,22788.95727577727
107,22828.20251689315,22789.755559204754,22894.778702864267,22788.95727577727
108,22828.20251689315,22789.755559204754,22894.778702864267,22788.95727577727
109,22828.20251689315,22789.755559204754,22894.778702864267,22788.95727577727
110,22828.20251689315,22789.755559204754,22894.778702864267,22788.95727577727
111,22794.255322417623,22789.755559204754,22894.778702864267,22788.95727577727
112,22794.255322417623,22789.755559204754,22894.778702864267,22788.95727577727
113,22794.255322417623,22789.755559204754,22894.778702864267,22788.95727577727
114,22794.255322417623,22789.755559204754,22894.778702864267,22788.95727577727
115,22794.255322417623,22789.755559204754,22894.778702864267,22788.95727577727
116,22794.255322417623,22789.755559204754,22894.778702864267,22788.95727577727
117,22794.255322417623,22789.755559204754,22894.778702864267,22788.95727577727
118,22794.255322417623,22789.755559204754,22894.778702864267,22788.95727577727
119,22794.255322417623,22789.755559204754,22894.778702864267,22788.95727577727
120,22794.255322417623,22789.755559204754,22894.778702864267,22788.95727577727
121,22794.255322417623,22789.755559204754,22894.778702864267,22788.95727577727
122,22794.255322417623,22789.755559204754,22894.778702864267,22788.95727577727
123,22794.255322417623,22789.755559204754,22894.778702864267,22788.95727577727
124,22794.255322417623,22789.755559204754,22894.778702864267,22788.95727577727
125,22794.255322417623,22789.755559204754,22894.778702864267,22788.95727577727
126,22794.255322417623,22789.755559204754,22894.778702864267,22788.95727577727
127,22794.255322417623,22789.755559204754,22894.778702864267,22788.95727577727
128,22794.255322417623,22789.755559204754,22894.778702864267,22788.95727577727
129,22794.255322417623,22789.755559204754,22894.778702864267,22788.95727577727
130,22794.255322417623,22789.755559204754,22894.778702864267,22788.95727577727
131,22794.255322417623,22789.755559204754,22894.778702864267,22788.95727577727
132,22794.255322417623,22789.755559204754,22894.778702864267,22788.95727577727
133,22794.255322417623,22789.755559204754,22894.778702864267,22788.95727577727
134,22794.255322417623,22789.755559204754,22894.778702864267,22788.95727577727
135,22794.255322417623,22789.755559204754,22894.778702864267,22788.95727577727
136,22794.255322417623,22789.755559204754,22894.778702864267,22788.95727577727
137,22794.255322417623,22789.755559204754,22894.778702864267,22788.95727577727
138,22794.255322417623,22789.755559204754,22894.778702864267,22788.95727577727
139,22794.255322417623,22789.755559204754,22894.778702864267,22788.95727577727
140,22794.255322417623,22789.755559204754,22894.778702864267,22788.95727577727
141,22794.255322417623,22789.755559204754,22894.778702864267,22788.95727577727
142,22794.255322417623,22789.755559204754,22894.778702864267,22788.95727577727
143,22794.255322417623,22789.755559204754,22894.778702864267,22788.95727577727
144,22794.255322417623,22789.755559204754,22894.778702864267,22788.95727577727
145,22794.255322417623,22789.755559204754,22894.778702864267,22788.95727577727
146,22794.255322417623,22789.755559204754,22894.778702864267,22788.95727577727
147,22794.255322417623,22789.755559204754,22894.778702864267,22788.95727577727
148,22794.255322417623,22789.755559204754,22894.778702864267,22788.95727577727
149,22794.255322417623,22789.755559204754,22894.778702864267,22788.95727577727
150,22794.255322417623,22789.755559204754,22894.778702864267,22788.95727577727
151,22794.255322417623,22789.755559204754,22894.778702864267,22788.95727577727
152,22794.255322417623,22789.755559204754,22894.778702864267,22788.95727577727
153,22794.255322417623,22789.755559204754,22894.778702864267,22788.95727577727
154,22794.255322417623,22789.755559204754,22894.778702864267,22788.95727577727
155,22794.255322417623,22789.755559204754,22894.778702864267,22788.95727577727
156,22794.255322417623,22789.755559204754,22894.778702864267,22788.95727577727
157,22794.255322417623,22789.755559204754,22894.778702864267,22788.95727577727
158,22794.255322417623,22789.755559204754,22894.778702864267,22788.95727577727
159,22794.255322417623,22789.755559204754,22894.778702864267,22788.95727577727
160,22794.255322417623,22789.755559204754,22894.778702864267,22788.95727577727
161,22794.255322417623,22789.755559204754,22894.778702864267,22788.95727577727
162,22794.255322417623,22789.755559204754,22894.778702864267,22788.95727577727
163,22794.255322417623,22789.755559204754,22894.778702864267,22788.95727577727
164,22794.255322417623,22789.755559204754,22894.778702864267,22788.95727577727
165,22794.255322417623,22789.755559204754,22894.778702864267,22788.95727577727
166,22794.255322417623,22789.755559204754,22894.778702864267,22788.95727577727
167,22794.255322417623,22789.755559204754,22894.778702864267,22788.95727577727
168,22794.255322417623,22789.755559204754,22894.778702864267,22788.95727577727
169,22794.255322417623,22789.755559204754,22894.778702864267,22788.95727577727
170,22794.255322417623,22789.755559204754,22894.778702864267,22788.95727577727
171,22794.255322417623,22789.755559204754,22894.778702864267,22788.95727577727
172,22794.255322417623,22789.755559204754,22894.778702864267,22788.95727577727
173,22794.255322417623,22789.755559204754,22894.778702864267,22788.95727577727
174,22794.255322417623,22789.755559204754,22894.778702864267,22788.95727577727
175,22794.255322417623,22789.755559204754,22894.778702864267,22788.95727577727
176,22794.255322417623,22789.755559204754,22894.778702864267,22788.95727577727
177,22794.255322417623,22789.755559204754,22894.778702864267,22788.95727577727
178,22794.255322417623,22789.755559204754,22894.778702864267,22788.95727577727
179,22794.255322417623,22789.755559204754,22894.778702864267,22788.95727577727
180,22794.255322417623,22789.755559204754,22894.778702864267,22788.95727577727
181,22794.255322417623,22789.755559204754,22894.778702864267,22788.95727577727
182,22794.255322417623,22789.755559204754,22894.778702864267,22788.95727577727
183,22794.255322417623,22789.755559204754,22894.778702864267,22788.95727577727
184,22794.255322417623,22789.755559204754,22894.778702864267,22788.95727577727
185,22794.255322417623,22789.755559204754,22894.778702864267,22788.95727577727
186,22794.255322417623,22789.755559204754,22894.778702864267,22788.95727577727
187,22794.255322417623,22789.755559204754,22894.778702864267,22788.95727577727
188,22794.255322417623,22789.755559204754,22894.778702864267,22788.95727577727
189,22794.255322417623,22789.755559204754,22894.778702864267,22788.95727577727
190,22794.255322417623,22789.755559204754,22894.778702864267,22788.95727577727
191,22794.255322417623,22789.755559204754,22894.778702864267,22788.95727577727
192,22794.255322417623,22789.755559204754,22894.778702864267,22788.95727577727
193,22794.255322417623,22789.755559204754,22894.778702864267,22788.95727577727
194,22794.255322417623,22789.755559204754,22894.778702864267,22788.95727577727
195,22794.255322417623,22789.755559204754,22894.778702864267,22788.95727577727
196,22794.255322417623,22789.755559204754,22894.778702864267,22788.95727577727
197,22794.255322417623,22789.755559204754,22894.778702864267,22788.95727577727
198,22794.255322417623,22789.755559204754,22894.778702864267,22788.95727577727
199,22794.255322417623,22789.755559204754,22894.778702864267,22788.95727577727
200,22794.255322417623,22789.755559204754,22894.778702864267,22788.95727577727
201,22794.255322417623,22789.755559204754,22894.778702864267,22788.95727577727
202,22794.255322417623,22789.755559204754,22894.778702864267,22788.95727577727
203,22794.255322417623,22789.755559204754,22894.778702864267,22788.95727577727
204,22794.255322417623,22789.755559204754,22894.778702864267,22788.95727577727
205,22794.255322417623,22789.755559204754,22894.778702864267,22788.95727577727
206,22794.255322417623,22789.755559204754,22894.778702864267,22788.95727577727
207,22794.255322417623,22789.755559204754,22894.778702864267,22788.95727577727
208,22794.255322417623,22789.755559204754,22894.778702864267,22788.95727577727
209,22794.255322417623,22789.755559204754,22894.778702864267,22788.95727577727
210,22794.255322417623,22789.755559204754,22894.778702864267,22788.95727577727
211,22794.255322417623,22789.755559204754,22894.778702864267,22788.95727577727
212,22794.255322417623,22789.755559204754,22894.778702864267,22788.95727577727
213,22794.255322417623,22789.755559204754,22894.778702864267,22788.95727577727
214,22794.255322417623,22789.755559204754,22894.778702864267,22788.95727577727
215,22794.255322417623,22789.755559204754,22894.778702864267,22788.95727577727
216,22794.255322417623,22789.755559204754,22894.778702864267,22788.95727577727
217,22794.255322417623,22789.755559204754,22894.778702864267,22788.95727577727
218,22794.255322417623,22789.755559204754,22894.778702864267,22788.95727577727
219,22794.255322417623,22789.755559204754,22894.778702864267,22788.95727577727
220,22794.255322417623,22789.755559204754,22894.778702864267,22788.95727577727
221,22794.255322417623,22789.755559204754,22894.778702864267,22788.95727577727
222,22794.255322417623,22789.755559204754,22894.778702864267,22788.95727577727
223,22794.255322417623,22789.755559204754,22894.778702864267,22788.95727577727
224,22794.255322417623,22789.755559204754,22894.778702864267,22788.95727577727
225,22794.255322417623,22789.755559204754,22894.778702864267,22788.95727577727
226,22794.255322417623,22789.755559204754,22894.778702864267,22788.95727577727
227,22794.255322417623,22789.755559204754,22894.778702864267,22788.95727577727
228,22794.255322417623,22789.755559204754,22894.778702864267,22788.95727577727
229,22794.255322417623,22789.755559204754,22894.778702864267,22788.95727577727
230,22794.255322417623,22789.755559204754,22894.778702864267,22788.95727577727
231,22794.255322417623,22789.755559204754,22894.778702864267,22788.95727577727
232,22794.255322417623,22789.755559204754,22894.778702864267,22788.95727577727
233,22794.255322417623,22789.755559204754,22894.778702864267,22788.95727577727
234,22794.255322417623,22789.755559204754,22894.778702864267,22788.95727577727
235,22794.255322417623,22789.755559204754,22894.778702864267,22788.95727577727
236,22794.255322417623,22789.755559204754,22894.778702864267,22788.95727577727
237,22794.255322417623,22789.755559204754,22894.778702864267,22788.95727577727
238,22794.255322417623,22789.755559204754,22894.778702864267,22788.95727577727
239,22794.255322417623,22789.755559204754,22894.778702864267,22788.95727577727
240,22794.255322417623,22789.755559204754,22894.778702864267,22788.95727577727
241,22794.255322417623,22789.755559204754,22894.778702864267,22788.95727577727
242,22794.255322417623,22789.755559204754,22894.778702864267,22788.95727577727
243,22794.255322417623,22789.755559204754,22894.778702864267,22788.95727577727
244,22794.255322417623,22789.755559204754,22894.778702864267,22788.95727577727
245,22794.255322417623,22789.755559204754,22894.778702864267,22788.95727577727
246,22794.255322417623,22789.755559204754,22894.778702864267,22788.95727577727
247,22794.255322417623,22789.755559204754,22894.778702864267,22788.95727577727
248,22794.255322417623,22789.755559204754,22894.778702864267,22788.95727577727
249,22794.255322417623,22789.755559204754,22894.778702864267,22788.95727577727
250,22794.255322417623,22789.755559204754,22894.778702864267,22788.95727577727
251,22794.255322417623,22789.755559204754,22894.778702864267,22788.95727577727
252,22794.255322417623,22789.755559204754,22894.778702864267,22788.95727577727
253,22794.255322417623,22789.755559204754,22894.778702864267,22788.95727577727
254,22792.113042308432,22789.755559204754,22894.778702864267,22788.95727577727
255,22792.113042308432,22789.755559204754,22894.778702864267,22788.95727577727
256,22792.113042308432,22789.755559204754,22894.778702864267,22788.95727577727
257,22792.113042308432,22789.755559204754,22894.778702864267,22788.95727577727
258,22792.113042308432,22789.755559204754,22894.778702864267,22788.95727577727
259,22792.113042308432,22789.755559204754,22894.778702864267,22788.95727577727
260,22792.113042308432,22789.755559204754,22894.778702864267,22788.95727577727
261,22792.113042308432,22789.755559204754,22894.778702864267,22788.95727577727
262,22792.113042308432,22789.755559204754,22894.778702864267,22788.95727577727
263,22792.113042308432,22789.755559204754,22894.778702864267,22788.95727577727
264,22792.113042308432,22789.755559204754,22894.778702864267,22788.95727577727
265,22792.113042308432,22789.755559204754,22894.778702864267,22788.95727577727
266,22792.113042308432,22789.755559204754,22894.778702864267,22788.95727577727
267,22792.113042308432,22789.755559204754,22894.778702864267,22788.95727577727
268,22792.113042308432,22789.755559204754,22894.778702864267,22788.95727577727
269,22792.113042308432,22789.755559204754,22894.778702864267,22788.95727577727
270,22792.113042308432,22789.755559204754,22894.778702864267,22788.95727577727
271,22792.113042308432,22789.755559204754,22894.778702864267,22788.95727577727
272,22792.113042308432,22789.755559204754,22894.778702864267,22788.95727577727
273,22792.113042308432,22789.755559204754,22894.778702864267,22788.95727577727
274,22792.113042308432,22789.755559204754,22894.778702864267,22788.95727577727
275,22792.113042308432,22789.755559204754,22894.778702864267,22788.95727577727
276,22792.113042308432,22789.755559204754,22894.778702864267,22788.95727577727
277,22792.113042308432,22789.755559204754,22894.778702864267,22788.95727577727
278,22792.113042308432,22789.755559204754,22894.778702864267,22788.95727577727
279,22792.113042308432,22789.755559204754,22894.778702864267,22788.95727577727
280,22792.113042308432,22789.755559204754,22894.778702864267,22788.95727577727
281,22792.113042308432,22789.755559204754,22894.778702864267,22788.95727577727
282,22792.113042308432,22789.755559204754,22894.778702864267,22788.95727577727
283,22792.113042308432,22789.755559204754,22894.778702864267,22788.95727577727
284,22792.113042308432,22789.755559204754,22894.778702864267,22788.95727577727
285,22792.113042308432,22789.755559204754,22894.778702864267,22788.95727577727
286,22792.113042308432,22789.755559204754,22894.778702864267,22788.95727577727
287,22792.113042308432,22789.755559204754,22894.778702864267,22788.95727577727
288,22792.113042308432,22789.755559204754,22806.94866864933,22788.95727577727
289,22792.113042308432,22789.755559204754,22806.94866864933,22788.95727577727
290,22792.113042308432,22789.755559204754,22806.94866864933,22788.95727577727
291,22792.113042308432,22789.755559204754,22806.94866864933,22788.95727577727
292,22792.113042308432,22789.755559204754,22806.94866864933,22788.95727577727
293,22792.113042308432,22789.755559204754,22806.94866864933,22788.95727577727
294,22792.113042308432,22789.755559204754,22806.94866864933,22788.95727577727
295,22792.113042308432,22789.755559204754,22806.94866864933,22788.95727577727
296,22792.113042308432,22789.755559204754,22806.94866864933,22788.95727577727
297,22792.113042308432,22789.755559204754,22806.94866864933,22788.95727577727
298,22792.113042308432,22789.755559204754,22806.94866864933,22788.95727577727
299,22792.113042308432,22789.755559204754,22806.94866864933,22788.95727577727
300,22792.113042308432,22789.755559204754,22806.94866864933,22788.95727577727
301,22792.113042308432,22789.755559204754,22806.94866864933,22788.95727577727
302,22792.113042308432,22789.755559204754,22806.94866864933,22788.95727577727
303,22792.113042308432,22789.755559204754,22806.94866864933,22788.95727577727
304,22792.113042308432,22789.755559204754,22806.94866864933,22788.95727577727
305,22792.113042308432,22789.755559204754,22806.94866864933,22788.95727577727
306,22792.113042308432,22789.755559204754,22806.94866864933,22788.95727577727
307,22792.113042308432,22789.755559204754,22806.94866864933,22788.95727577727
308,22792.113042308432,22789.755559204754,22806.94866864933,22788.95727577727
309,22792.113042308432,22789.755559204754,22806.94866864933,22788.95727577727
310,22792.113042308432,22789.755559204754,22806.94866864933,22788.95727577727
311,22792.113042308432,22789.755559204754,22806.94866864933,22788.95727577727
312,22792.113042308432,22789.755559204754,22806.94866864933,22788.95727577727
313,22792.113042308432,22789.755559204754,22806.94866864933,22788.95727577727
314,22792.113042308432,22789.755559204754,22806.94866864933,22788.95727577727
315,22792.113042308432,22789.755559204754,22806.94866864933,22788.95727577727
316,22792.113042308432,22789.755559204754,22806.94866864933,22788.95727577727
317,22792.113042308432,22789.755559204754,22806.94866864933,22788.95727577727
318,22792.113042308432,22789.755559204754,22806.94866864933,22788.95727577727
319,22792.113042308432,22789.755559204754,22806.94866864933,22788.95727577727
320,22792.113042308432,22789.755559204754,22806.94866864933,22788.95727577727
321,22792.113042308432,22789.755559204754,22806.94866864933,22788.95727577727
322,22792.113042308432,22789.755559204754,22806.94866864933,22788.95727577727
323,22792.113042308432,22789.755559204754,22806.94866864933,22788.95727577727
324,22792.113042308432,22789.755559204754,22806.94866864933,22788.95727577727
325,22792.113042308432,22789.755559204754,22806.94866864933,22788.95727577727
326,22792.113042308432,22789.755559204754,22806.94866864933,22788.95727577727
327,22792.113042308432,22789.755559204754,22806.94866864933,22788.95727577727
328,22792.113042308432,22789.755559204754,22806.94866864933,22788.95727577727
329,22792.113042308432,22789.755559204754,22806.94866864933,22788.95727577727
330,22792.113042308432,22788.389738084734,22806.94866864933,22788.95727577727
331,22792.113042308432,22788.389738084734,22806.94866864933,22788.95727577727
332,22792.113042308432,22788.389738084734,22806.94866864933,22788.95727577727
333,22792.113042308432,22788.389738084734,22806.94866864933,22788.95727577727
334,22792.113042308432,22788.389738084734,22806.94866864933,22788.95727577727
335,22792.113042308432,22788.389738084734,22806.94866864933,22787.323552899044
336,22792.113042308432,22788.389738084734,22806.94866864933,22787.323552899044
337,22792.113042308432,22788.389738084734,22806.94866864933,22787.323552899044
338,22792.113042308432,22788.389738084734,22806.94866864933,22787.323552899044
339,22792.113042308432,22788.389738084734,22806.94866864933,22787.323552899044
340,22792.113042308432,22788.389738084734,22806.94866864933,22787.323552899044
341,22792.113042308432,22788.389738084734,22806.94866864933,22787.323552899044
342,22792.113042308432,22788.389738084734,22806.94866864933,22787.323552899044
343,22792.113042308432,22788.389738084734,22806.94866864933,22787.323552899044
344,22792.113042308432,22788.389738084734,22806.94866864933,22787.323552899044
345,22792.113042308432,22788.389738084734,22806.94866864933,22787.323552899044
346,22792.113042308432,22788.389738084734,22806.94866864933,22787.323552899044
347,22792.113042308432,22788.389738084734,22806.94866864933,22787.323552899044
348,22792.113042308432,22788.389738084734,22806.94866864933,22787.323552899044
349,22792.113042308432,22788.389738084734,22806.94866864933,22787.323552899044
350,22792.113042308432,22787.632366187787,22806.94866864933,22787.323552899044
351,22792.113042308432,22787.632366187787,22806.94866864933,22787.323552899044
352,22792.113042308432,22787.632366187787,22806.94866864933,22787.323552899044
353,22792.113042308432,22787.632366187787,22806.94866864933,22787.323552899044
354,22792.113042308432,22787.632366187787,22806.94866864933,22787.323552899044
355,22792.113042308432,22787.632366187787,22806.94866864933,22787.323552899044
356,22792.113042308432,22787.632366187787,22806.94866864933,22787.323552899044
357,22792.113042308432,22787.632366187787,22806.94866864933,22787.323552899044
358,22792.113042308432,22787.632366187787,22806.94866864933,22787.323552899044
359,22792.113042308432,22787.632366187787,22806.94866864933,22787.323552899044
360,22792.113042308432,22787.632366187787,22806.94866864933,22787.323552899044
361,22792.113042308432,22787.632366187787,22806.94866864933,22787.323552899044
362,22792.113042308432,22787.632366187787,22806.94866864933,22787.323552899044
363,22792.113042308432,22787.632366187787,22806.94866864933,22787.323552899044
364,22792.113042308432,22787.632366187787,22806.94866864933,22787.323552899044
365,22792.113042308432,22787.632366187787,22806.94866864933,22787.323552899044
366,22792.113042308432,22787.632366187787,22798.93414737864,22787.323552899044
367,22792.113042308432,22787.632366187787,22798.93414737864,22787.323552899044
368,22792.113042308432,22787.632366187787,22798.93414737864,22787.323552899044
369,22789.02730700565,22787.632366187787,22798.93414737864,22787.323552899044
370,22789.02730700565,22787.632366187787,22798.93414737864,22787.323552899044
371,22789.02730700565,22787.632366187787,22798.93414737864,22787.323552899044
372,22789.02730700565,22787.632366187787,22798.93414737864,22787.323552899044
373,22789.02730700565,22787.632366187787,22798.93414737864,22787.323552899044
374,22789.02730700565,22787.632366187787,22798.93414737864,22787.323552899044
375,22789.02730700565,22787.632366187787,22798.93414737864,22787.323552899044
376,22789.02730700565,22787.632366187787,22798.93414737864,22787.323552899044
377,22789.02730700565,22787.632366187787,22798.93414737864,22787.323552899044
378,22789.02730700565,22787.632366187787,22798.93414737864,22787.323552899044
379,22789.02730700565,22787.632366187787,22798.93414737864,22787.323552899044
380,22789.02730700565,22787.632366187787,22798.93414737864,22787.323552899044
381,22789.02730700565,22787.632366187787,22798.93414737864,22787.323552899044
382,22789.02730700565,22787.632366187787,22798.93414737864,22787.323552899044
383,22789.02730700565,22786.958916615775,22798.93414737864,22787.323552899044
384,22789.02730700565,22786.958916615775,22798.93414737864,22787.323552899044
385,22789.02730700565,22786.958916615775,22798.93414737864,22787.323552899044
386,22789.02730700565,22786.958916615775,22798.93414737864,22787.323552899044
387,22789.02730700565,22786.958916615775,22798.93414737864,22787.323552899044
388,22789.02730700565,22786.958916615775,22798.93414737864,22787.323552899044
389,22789.02730700565,22786.958916615775,22798.93414737864,22787.323552899044
390,22789.02730700565,22786.958916615775,22798.93414737864,22787.323552899044
391,22789.02730700565,22786.958916615775,22798.93414737864,22787.323552899044
392,22789.02730700565,22786.958916615775,22798.93414737864,22787.323552899044
393,22789.02730700565,22786.958916615775,22798.93414737864,22787.323552899044
394,22789.02730700565,22786.958916615775,22798.93414737864,22787.323552899044
395,22789.02730700565,22786.958916615775,22798.93414737864,22787.323552899044
396,22789.02730700565,22786.958916615775,22798.93414737864,22787.323552899044
397,22789.02730700565,22786.958916615775,22798.93414737864,22787.323552899044
398,22789.02730700565,22786.958916615775,22798.93414737864,22787.323552899044
399,22789.02730700565,22786.958916615775,22798.93414737864,22787.323552899044
400,22789.02730700565,22786.958916615775,22798.93414737864,22787.323552899044
401,22789.02730700565,22786.958916615775,22798.93414737864,22787.323552899044
402,22789.02730700565,22786.958916615775,22798.93414737864,22787.323552899044
403,22789.02730700565,22786.958916615775,22798.93414737864,22787.323552899044
404,22789.02730700565,22786.958916615775,22798.93414737864,22787.323552899044
405,22789.02730700565,22786.958916615775,22798.93414737864,22787.323552899044
406,22789.02730700565,22786.958916615775,22798.93414737864,22787.323552899044
407,22789.02730700565,22786.958916615775,22798.93414737864,22787.323552899044
408,22789.02730700565,22786.958916615775,22798.93414737864,22787.323552899044
409,22789.02730700565,22786.958916615775,22798.93414737864,22787.323552899044
410,22789.02730700565,22786.958916615775,22798.93414737864,22787.323552899044
411,22789.02730700565,22786.958916615775,22798.93414737864,22787.323552899044
412,22789.02730700565,22786.958916615775,22798.93414737864,22787.323552899044
413,22789.02730700565,22786.958916615775,22798.93414737864,22787.323552899044
414,22789.02730700565,22786.958916615775,22798.93414737864,22787.323552899044
415,22789.02730700565,22786.958916615775,22798.93414737864,22787.323552899044
416,22789.02730700565,22786.958916615775,22798.93414737864,22787.323552899044
417,22789.02730700565,22786.958916615775,22798.93414737864,22787.323552899044
418,22789.02730700565,22786.958916615775,22791.25986099834,22787.323552899044
419,22789.02730700565,22786.958916615775,22791.25986099834,22787.323552899044
420,22789.02730700565,22786.958916615775,22791.25986099834,22787.323552899044
421,22789.02730700565,22786.958916615775,22791.25986099834,22787.323552899044
422,22789.02730700565,22786.958916615775,22791.25986099834,22787.323552899044
423,22789.02730700565,22786.958916615775,22791.25986099834,22787.323552899044
424,22789.02730700565,22786.958916615775,22791.25986099834,22787.323552899044
425,22789.02730700565,22786.958916615775,22791.25986099834,22787.323552899044
426,22789.02730700565,22786.958916615775,22791.25986099834,22787.323552899044
427,22789.02730700565,22786.958916615775,22791.25986099834,22787.323552899044
428,22789.02730700565,22786.958916615775,22791.25986099834,22787.323552899044
429,22789.02730700565,22786.958916615775,22791.25986099834,22787.323552899044
430,22789.02730700565,22786.958916615775,22791.25986099834,22787.323552899044
431,22789.02730700565,22786.93965691141,22791.25986099834,22787.323552899044
432,22789.02730700565,22786.93965691141,22791.25986099834,22787.323552899044
433,22789.02730700565,22786.93965691141,22791.25986099834,22787.323552899044
434,22789.02730700565,22786.93965691141,22791.25986099834,22787.323552899044
435,22789.02730700565,22786.93965691141,22791.25986099834,22787.323552899044
436,22789.02730700565,22786.93965691141,22791.25986099834,22787.323552899044
437,22789.02730700565,22786.93965691141,22791.25986099834,22787.323552899044
438,22789.02730700565,22786.93965691141,22791.25986099834,22787.323552899044
439,22789.02730700565,22786.93965691141,22791.25986099834,22787.323552899044
440,22789.02730700565,22786.297020609658,22791.25986099834,22787.323552899044
441,22789.02730700565,22786.297020609658,22791.25986099834,22787.323552899044
442,22789.02730700565,22786.297020609658,22791.25986099834,22787.323552899044
443,22789.02730700565,22786.297020609658,22791.25986099834,22787.323552899044
444,22789.02730700565,22786.297020609658,22791.25986099834,22787.323552899044
445,22789.02730700565,22786.297020609658,22791.25986099834,22787.323552899044
446,22789.02730700565,22786.297020609658,22791.25986099834,22787.323552899044
447,22789.02730700565,22786.297020609658,22791.25986099834,22787.323552899044
448,22789.02730700565,22786.297020609658,22791.25986099834,22787.323552899044
449,22789.02730700565,22786.297020609658,22791.25986099834,22787.323552899044
450,22789.02730700565,22786.297020609658,22791.25986099834,22787.323552899044
451,22789.02730700565,22786.297020609658,22791.25986099834,22787.323552899044
452,22789.02730700565,22786.297020609658,22791.25986099834,22787.323552899044
453,22789.02730700565,22786.297020609658,22791.25986099834,22787.323552899044
454,22789.02730700565,22786.297020609658,22791.25986099834,22787.323552899044
455,22789.02730700565,22786.297020609658,22791.25986099834,22787.323552899044
456,22789.02730700565,22786.297020609658,22791.25986099834,22787.323552899044
457,22789.02730700565,22786.297020609658,22791.25986099834,22787.323552899044
458,22789.02730700565,22786.297020609658,22791.25986099834,22787.323552899044
459,22789.02730700565,22786.297020609658,22791.25986099834,22787.323552899044
460,22789.02730700565,22786.297020609658,22791.25986099834,22787.323552899044
461,22789.02730700565,22786.297020609658,22791.25986099834,22787.323552899044
462,22789.02730700565,22786.297020609658,22791.25986099834,22787.323552899044
463,22789.02730700565,22786.297020609658,22791.25986099834,22787.323552899044
464,22789.02730700565,22786.297020609658,22791.25986099834,22787.323552899044
465,22789.02730700565,22786.297020609658,22791.25986099834,22787.323552899044
466,22789.02730700565,22786.297020609658,22791.25986099834,22787.323552899044
467,22789.02730700565,22786.297020609658,22791.25986099834,22787.323552899044
468,22789.02730700565,22786.297020609658,22791.25986099834,22787.323552899044
469,22789.02730700565,22786.297020609658,22791.25986099834,22787.323552899044
470,22789.02730700565,22786.297020609658,22791.25986099834,22787.323552899044
471,22789.02730700565,22786.297020609658,22791.25986099834,22787.323552899044
472,22789.02730700565,22786.297020609658,22791.25986099834,22787.323552899044
473,22789.02730700565,22786.297020609658,22791.25986099834,22787.323552899044
474,22789.02730700565,22786.297020609658,22791.25986099834,22787.323552899044
475,22789.02730700565,22786.297020609658,22791.25986099834,22787.323552899044
476,22789.02730700565,22786.297020609658,22791.25986099834,22787.323552899044
477,22789.02730700565,22786.297020609658,22791.25986099834,22787.323552899044
478,22789.02730700565,22786.297020609658,22791.25986099834,22787.323552899044
479,22789.02730700565,22786.297020609658,22791.25986099834,22787.323552899044
480,22789.02730700565,22786.297020609658,22791.25986099834,22787.323552899044
481,22789.02730700565,22786.297020609658,22791.25986099834,22787.323552899044
482,22789.02730700565,22786.297020609658,22791.25986099834,22787.323552899044
483,22789.02730700565,22786.297020609658,22791.25986099834,22787.323552899044
484,22789.02730700565,22786.297020609658,22791.25986099834,22787.323552899044
485,22789.02730700565,22786.297020609658,22791.25986099834,22787.323552899044
486,22789.02730700565,22786.297020609658,22791.25986099834,22787.323552899044
487,22789.02730700565,22786.297020609658,22791.25986099834,22787.323552899044
488,22789.02730700565,22786.297020609658,22791.25986099834,22787.323552899044
489,22789.02730700565,22786.297020609658,22791.25986099834,22787.323552899044
490,22789.02730700565,22786.297020609658,22791.25986099834,22787.323552899044
491,22789.02730700565,22786.297020609658,22791.25986099834,22787.323552899044
492,22789.02730700565,22786.297020609658,22791.25986099834,22787.323552899044
493,22789.02730700565,22786.079994765296,22791.25986099834,22787.323552899044
494,22789.02730700565,22785.90895913304,22791.25986099834,22787.323552899044
495,22789.02730700565,22785.90895913304,22791.25986099834,22787.323552899044
496,22789.02730700565,22785.90895913304,22791.25986099834,22787.323552899044
497,22789.02730700565,22785.90895913304,22791.25986099834,22787.323552899044
498,22789.02730700565,22785.90895913304,22791.25986099834,22787.323552899044
499,22789.02730700565,22785.90895913304,22791.25986099834,22787.323552899044
500,22789.02730700565,22785.90895913304,22791.25986099834,22787.323552899044
